{"diybms_settings":{"totalNumberOfBanks":1,"totalNumberOfSeriesModules":16,"baudRate":10000,"interpacketgap":3000,"graph_voltagehigh":3650,"graph_voltagelow":3000,"BypassOverTempShutdown":65,"BypassThresholdmV":3450,"timeZone":0,"minutesTimeZone":0,"daylight":false,"ntpServer":"time.google.com","loggingEnabled":false,"loggingFrequencySeconds":15,"currentMonitoringEnabled":true,"currentMonitoringModBusAddress":90,"rs485baudrate":19200,"rs485databits":3,"rs485parity":0,"rs485stopbits":1,"language":"en","mqtt":{"enabled":true,"uri":"mqtt://192.168.0.26:1883","topic":"emon/diybms","username":"emonpi","password":"emonpimqtt2016"},"influxdb":{"enabled":false,"apitoken":"","bucket":"bucketname","org":"organisation","url":"http://192.168.0.49:8086/api/v2/write","logfreq":15},"outputs":{"default":[153,153,153,153],"type":[0,0,0,0]},"rules":{"EmergencyStop":{"value":0,"hysteresis":0,"state":[0,0,0,0]},"BMSError":{"value":0,"hysteresis":0,"state":[0,0,0,0]},"CurrentMonitorOverCurrentAmps":{"value":100,"hysteresis":100,"state":[0,0,0,0]},"ModuleOverVoltage":{"value":3650,"hysteresis":3500,"state":[255,0,0,0]},"ModuleUnderVoltage":{"value":2900,"hysteresis":3050,"state":[255,0,0,0]},"ModuleOverTemperatureInternal":{"value":75,"hysteresis":75,"state":[0,0,0,0]},"ModuleUnderTemperatureInternal":{"value":5,"hysteresis":5,"state":[0,0,0,0]},"ModuleOverTemperatureExternal":{"value":50,"hysteresis":50,"state":[0,0,0,0]},"ModuleUnderTemperatureExternal":{"value":2,"hysteresis":2,"state":[0,0,0,0]},"CurrentMonitorOverVoltage":{"value":57600,"hysteresis":57000,"state":[0,0,0,0]},"CurrentMonitorUnderVoltage":{"value":48000,"hysteresis":49000,"state":[0,0,0,0]},"BankOverVoltage":{"value":57600,"hysteresis":57000,"state":[0,0,0,0]},"BankUnderVoltage":{"value":48000,"hysteresis":49000,"state":[0,0,0,0]},"Timer2":{"value":1020,"hysteresis":1020,"state":[0,0,0,0]},"Timer1":{"value":480,"hysteresis":480,"state":[0,0,0,0]}},"canbusprotocol":2,"nominalbatcap":280,"chargevolt":568,"chargecurrent":650,"dischargecurrent":650,"dischargevolt":488,"chargetemplow":0,"chargetemphigh":50,"dischargetemplow":-30,"dischargetemphigh":55,"stopchargebalance":false,"socoverride":false,"socforcelow":false,"dynamiccharge":true,"preventdischarge":false,"preventcharging":false,"cellminmv":3050,"cellmaxmv":3460,"kneemv":3320,"cellmaxspikemv":3550,"sensitivity":27,"cur_val1":36,"cur_val2":7,"tilevisibility":[49152,0,62209,0,0]}}